name,version,license,repository,source,note
"@ant-design/colors","6.0.0","MIT","https://github.com/ant-design/ant-design-colors","bundled",""
"@ant-design/css-animation","1.7.3","MIT","git@github.com:ant-design/css-animation","bundled",""
"@ant-design/icons","4.6.2","MIT","https://github.com/ant-design/ant-design-icons/tree/master/packages/icons-react","bundled",""
"@ant-design/icons-svg","4.1.0","MIT","https://github.com/ant-design/ant-design-icons","bundled",""
"@babel/runtime","7.28.4","MIT","https://github.com/babel/babel","on-disk+bundled",""
"@colors/colors","1.6.0","MIT","http://github.com/DABH/colors.js","on-disk",""
"@ctrl/tinycolor","3.4.0","MIT","scttcper/tinycolor","bundled",""
"@dabh/diagnostics","2.0.3","MIT","git://github.com/3rd-Eden/diagnostics","on-disk",""
"@electron/remote","2.1.2","MIT","https://github.com/electron/remote","on-disk",""
"@gar/promise-retry","1.0.3","MIT","git://github.com/wraithgar/node-promise-retry","on-disk",""
"@google-cloud/promisify","4.0.0","Apache-2.0","googleapis/nodejs-promisify","on-disk",""
"@google-cloud/vision","4.3.2","Apache-2.0","https://github.com/googleapis/google-cloud-node","on-disk",""
"@grpc/grpc-js","1.12.2","Apache-2.0","https://github.com/grpc/grpc-node/tree/master/packages/grpc-js","on-disk",""
"@grpc/proto-loader","0.7.13","Apache-2.0","https://github.com/grpc/grpc-node","on-disk",""
"@img/sharp-win32-x64","0.33.5","Apache-2.0 AND LGPL-3.0-or-later","https://github.com/lovell/sharp","on-disk",""
"@inworld/nodejs-sdk","1.16.1-beta.0","SEE LICENSE IN LICENSE.md","https://github.com/inworld-ai/inworld-nodejs-sdk","on-disk",""
"@isaacs/fs-minipass","4.0.1","ISC","https://github.com/npm/fs-minipass","on-disk",""
"@js-sdsl/ordered-map","4.4.2","MIT","https://github.com/js-sdsl/js-sdsl","on-disk",""
"@npmcli/agent","4.0.0","ISC","https://github.com/npm/agent","on-disk",""
"@npmcli/fs","5.0.0","ISC","https://github.com/npm/fs","on-disk",""
"@npmcli/redact","4.0.0","ISC","https://github.com/npm/redact","on-disk",""
"@protobufjs/aspromise","1.1.2","BSD-3-Clause","https://github.com/dcodeIO/protobuf.js","on-disk",""
"@protobufjs/base64","1.1.2","BSD-3-Clause","https://github.com/dcodeIO/protobuf.js","on-disk",""
"@protobufjs/codegen","2.0.4","BSD-3-Clause","https://github.com/dcodeIO/protobuf.js","on-disk",""
"@protobufjs/eventemitter","1.1.0","BSD-3-Clause","https://github.com/dcodeIO/protobuf.js","on-disk",""
"@protobufjs/fetch","1.1.0","BSD-3-Clause","https://github.com/dcodeIO/protobuf.js","on-disk",""
"@protobufjs/float","1.0.2","BSD-3-Clause","https://github.com/dcodeIO/protobuf.js","on-disk",""
"@protobufjs/inquire","1.1.0","BSD-3-Clause","https://github.com/dcodeIO/protobuf.js","on-disk",""
"@protobufjs/path","1.1.2","BSD-3-Clause","https://github.com/dcodeIO/protobuf.js","on-disk",""
"@protobufjs/pool","1.1.0","BSD-3-Clause","https://github.com/dcodeIO/protobuf.js","on-disk",""
"@protobufjs/utf8","1.1.0","BSD-3-Clause","https://github.com/dcodeIO/protobuf.js","on-disk",""
"@realm/fetch","0.1.1","Apache-2.0","","on-disk","Undeclared in npm metadata; published from the Apache-2.0 realm-js monorepo (dep of realm)"
"@sentry/browser","5.21.4","BSD-3-Clause","git://github.com/getsentry/sentry-javascript","bundled",""
"@sentry/core","5.21.4","BSD-3-Clause","git://github.com/getsentry/sentry-javascript","bundled",""
"@sentry/hub","5.21.4","BSD-3-Clause","git://github.com/getsentry/sentry-javascript","bundled",""
"@sentry/integrations","5.21.4","BSD-3-Clause","git://github.com/getsentry/sentry-javascript","bundled",""
"@sentry/minimal","5.21.4","BSD-3-Clause","git://github.com/getsentry/sentry-javascript","bundled",""
"@sentry/types","5.21.4","BSD-3-Clause","git://github.com/getsentry/sentry-javascript","bundled",""
"@sentry/utils","5.21.4","BSD-3-Clause","git://github.com/getsentry/sentry-javascript","bundled",""
"@types/caseless","0.12.1","MIT","https://www.github.com/DefinitelyTyped/DefinitelyTyped","on-disk",""
"@types/color-name","1.1.1","MIT","https://github.com/DefinitelyTyped/DefinitelyTyped","on-disk",""
"@types/long","4.0.2","MIT","https://github.com/DefinitelyTyped/DefinitelyTyped","on-disk",""
"@types/node","12.12.54","MIT","https://github.com/DefinitelyTyped/DefinitelyTyped","on-disk",""
"@types/node-fetch","2.6.12","MIT","https://github.com/DefinitelyTyped/DefinitelyTyped","on-disk",""
"@types/request","2.48.12","MIT","https://github.com/DefinitelyTyped/DefinitelyTyped","on-disk",""
"@types/semver","7.7.1","MIT","https://github.com/DefinitelyTyped/DefinitelyTyped","on-disk",""
"@types/tough-cookie","2.3.3","MIT","https://github.com/DefinitelyTyped/DefinitelyTyped.git","on-disk",""
"@types/triple-beam","1.3.5","MIT","https://github.com/DefinitelyTyped/DefinitelyTyped","on-disk",""
"abbrev","4.0.0","ISC","https://github.com/npm/abbrev-js","on-disk",""
"abort-controller","3.0.0","MIT","https://github.com/mysticatea/abort-controller","on-disk",""
"after","0.8.2","MIT","git://github.com/Raynos/after","on-disk",""
"agent-base","7.1.4","MIT","https://github.com/TooTallNate/proxy-agents","on-disk",""
"agentkeepalive","4.6.0","MIT","git://github.com/node-modules/agentkeepalive","on-disk",""
"ansi-regex","5.0.1","MIT","chalk/ansi-regex","on-disk",""
"ansi-styles","4.2.1","MIT","chalk/ansi-styles","on-disk",""
"antd","4.16.7","MIT","https://github.com/ant-design/ant-design","bundled",""
"archiver","2.1.1","MIT","https://github.com/archiverjs/node-archiver","on-disk",""
"archiver-utils","1.3.0","MIT","https://github.com/archiverjs/archiver-utils","on-disk",""
"argparse","2.0.1","Python-2.0","nodeca/argparse","on-disk",""
"arraybuffer.slice","0.0.7","MIT","git@github.com:rase-/arraybuffer.slice","on-disk",""
"async","2.6.4","MIT","https://github.com/caolan/async","on-disk",""
"async-function","1.0.0","MIT","https://github.com/ljharb/async-function","on-disk",""
"async-generator-function","1.0.0","MIT","https://github.com/ljharb/async-generator-function","on-disk",""
"async-limiter","1.0.1","MIT","https://github.com/strml/async-limiter","on-disk",""
"asynckit","0.4.0","MIT","https://github.com/alexindigo/asynckit","on-disk",""
"at-least-node","1.0.0","ISC","https://github.com/RyanZim/at-least-node","on-disk",""
"available-typed-arrays","1.0.5","MIT","https://github.com/inspect-js/available-typed-arrays","on-disk",""
"aws-sdk","2.1443.0","Apache-2.0","git://github.com/aws/aws-sdk-js","on-disk",""
"backo2","1.0.2","MIT","mokesmokes/backo","on-disk",""
"balanced-match","4.0.4","MIT","git://github.com/juliangruber/balanced-match","on-disk+bundled",""
"base64-arraybuffer","0.1.4","MIT","https://github.com/niklasvh/base64-arraybuffer","on-disk",""
"base64-js","1.5.1","MIT","git://github.com/beatgammit/base64-js","on-disk",""
"bignumber.js","9.1.2","MIT","https://github.com/MikeMcl/bignumber.js","on-disk",""
"bindings","1.5.0","MIT","git://github.com/TooTallNate/node-bindings","on-disk",""
"bl","4.1.0","MIT","https://github.com/rvagg/bl","on-disk",""
"blob","0.0.5","MIT","git://github.com/webmodules/blob","on-disk",""
"brace-expansion","5.0.5","MIT","ssh://git@github.com/juliangruber/brace-expansion","on-disk+bundled",""
"bson","4.7.2","Apache-2.0","mongodb/js-bson","on-disk",""
"buffer","5.7.1","MIT","git://github.com/feross/buffer","on-disk",""
"buffer-alloc","1.2.0","MIT","LinusU/buffer-alloc","on-disk",""
"buffer-alloc-unsafe","1.1.0","MIT","LinusU/buffer-alloc-unsafe","on-disk",""
"buffer-crc32","0.2.13","MIT","git://github.com/brianloveswords/buffer-crc32","on-disk",""
"buffer-equal-constant-time","1.0.1","BSD-3-Clause","git@github.com:goinstant/buffer-equal-constant-time","on-disk",""
"buffer-fill","1.0.0","MIT","LinusU/buffer-fill","on-disk",""
"buffer-from","1.1.1","MIT","LinusU/buffer-from","on-disk",""
"builder-util-runtime","8.9.2","MIT","https://github.com/electron-userland/electron-builder","on-disk",""
"bytes","3.1.1","MIT","visionmedia/bytes.js","bundled",""
"cacache","20.0.4","ISC","https://github.com/npm/cacache","on-disk",""
"call-bind","1.0.2","MIT","https://github.com/ljharb/call-bind","on-disk",""
"call-bind-apply-helpers","1.0.2","MIT","https://github.com/ljharb/call-bind-apply-helpers","on-disk",""
"charenc","0.0.2","BSD-3-Clause","git://github.com/pvorb/node-charenc","on-disk",""
"chownr","3.0.0","BlueOak-1.0.0","git://github.com/isaacs/chownr","on-disk",""
"classnames","2.2.6","MIT","https://github.com/JedWatson/classnames","bundled",""
"cliui","8.0.1","ISC","yargs/cliui","on-disk",""
"clsx","1.2.1","MIT","lukeed/clsx","bundled",""
"codemirror","5.63.1","MIT","https://github.com/codemirror/CodeMirror","bundled",""
"color","4.2.3","MIT","Qix-/color","on-disk",""
"color-convert","2.0.1","MIT","Qix-/color-convert","on-disk",""
"color-name","1.1.4","MIT","git@github.com:colorjs/color-name","on-disk",""
"color-string","1.9.1","MIT","Qix-/color-string","on-disk",""
"colorspace","1.1.4","MIT","https://github.com/3rd-Eden/colorspace","on-disk",""
"combined-stream","1.0.8","MIT","git://github.com/felixge/node-combined-stream","on-disk",""
"component-bind","1.0.0","MIT","https://github.com/component/bind","on-disk","README states MIT; no license field/file"
"component-emitter","1.3.0","MIT","https://github.com/component/emitter","on-disk",""
"component-inherit","0.0.3","MIT","https://github.com/component/inherit","on-disk","README states MIT; no license field/file"
"compress-commons","1.2.2","MIT","https://github.com/archiverjs/node-compress-commons","on-disk",""
"concat-map","0.0.1","MIT","git://github.com/substack/node-concat-map","bundled",""
"concat-stream","1.6.2","MIT","http://github.com/maxogden/concat-stream","on-disk",""
"content-disposition","0.5.2","MIT","jshttp/content-disposition","bundled",""
"cookie","0.3.1","MIT","jshttp/cookie","on-disk",""
"core-util-is","1.0.2","MIT","git://github.com/isaacs/core-util-is","on-disk",""
"crc","3.5.0","MIT","git://github.com/alexgorbatchev/node-crc","on-disk",""
"crc32-stream","2.0.0","MIT","https://github.com/archiverjs/node-crc32-stream","on-disk",""
"cross-spawn","7.0.3","MIT","git@github.com:moxystudio/node-cross-spawn","bundled",""
"crypt","0.0.2","BSD-3-Clause","git://github.com/pvorb/node-crypt","on-disk",""
"crypto-js","4.2.0","MIT","http://github.com/brix/crypto-js","on-disk",""
"css-loader","2.1.1","MIT","webpack-contrib/css-loader","bundled",""
"csstype","3.0.5","MIT","https://github.com/frenic/csstype","on-disk",""
"csv-parser","1.12.1","MIT","https://github.com/mafintosh/csv-parser","on-disk",""
"deasync","0.1.31","MIT","https://github.com/abbr/deasync","on-disk",""
"debug","4.3.4","MIT","git://github.com/debug-js/debug","on-disk",""
"decompress-response","6.0.0","MIT","sindresorhus/decompress-response","on-disk",""
"deep-extend","0.6.0","MIT","git://github.com/unclechu/node-deep-extend","on-disk",""
"delayed-stream","1.0.0","MIT","git://github.com/felixge/node-delayed-stream","on-disk",""
"detect-libc","2.0.3","Apache-2.0","git://github.com/lovell/detect-libc","on-disk",""
"dom-helpers","5.2.0","MIT","https://github.com/react-bootstrap/dom-helpers","on-disk",""
"dunder-proto","1.0.1","MIT","https://github.com/es-shims/dunder-proto","on-disk",""
"duplexify","4.1.3","MIT","git://github.com/mafintosh/duplexify","on-disk",""
"ecdsa-sig-formatter","1.0.11","Apache-2.0","ssh://git@github.com/Brightspace/node-ecdsa-sig-formatter","on-disk",""
"electron-react-devtools","0.5.3","MIT","https://github.com/firejune/electron-react-devtools","on-disk",""
"electron-updater","4.6.5","MIT","https://github.com/electron-userland/electron-builder","on-disk",""
"electron-window-state","5.0.3","MIT","mawie81/electron-window-state","on-disk",""
"emittery","0.8.1","MIT","sindresorhus/emittery","bundled",""
"emoji-regex","8.0.0","MIT","https://github.com/mathiasbynens/emoji-regex","on-disk",""
"enabled","2.0.0","MIT","git://github.com/3rd-Eden/enabled","on-disk",""
"end-of-stream","1.4.4","MIT","git://github.com/mafintosh/end-of-stream","on-disk",""
"engine.io-client","3.4.4","MIT","https://github.com/socketio/engine.io-client","on-disk",""
"engine.io-parser","2.2.1","MIT","git@github.com:socketio/engine.io-parser","on-disk",""
"env-paths","2.2.0","MIT","sindresorhus/env-paths","on-disk",""
"es-define-property","1.0.1","MIT","https://github.com/ljharb/es-define-property","on-disk",""
"es-errors","1.3.0","MIT","https://github.com/ljharb/es-errors","on-disk",""
"es-object-atoms","1.1.1","MIT","https://github.com/ljharb/es-object-atoms","on-disk",""
"es-set-tostringtag","2.1.0","MIT","https://github.com/es-shims/es-set-tostringtag","on-disk",""
"escalade","3.1.1","MIT","lukeed/escalade","on-disk",""
"event-target-shim","5.0.1","MIT","https://github.com/mysticatea/event-target-shim","on-disk",""
"events","1.1.1","MIT","git://github.com/Gozala/events","on-disk",""
"execa","5.0.0","MIT","sindresorhus/execa","bundled",""
"expand-template","2.0.3","(MIT OR WTFPL)","https://github.com/ralphtheninja/expand-template","on-disk",""
"exponential-backoff","3.1.3","Apache-2.0","https://github.com/coveooss/exponential-backoff","on-disk",""
"extend","3.0.2","MIT","https://github.com/justmoon/node-extend","on-disk",""
"extract-zip","1.6.7","BSD-2-Clause","maxogden/extract-zip","on-disk",""
"fast-url-parser","1.1.3","MIT","git://github.com/petkaantonov/urlparser","bundled",""
"faye-websocket","0.11.4","Apache-2.0","git://github.com/faye/faye-websocket-node","bundled",""
"fd-slicer","1.0.1","MIT","git://github.com/andrewrk/node-fd-slicer","on-disk",""
"fdir","6.5.0","MIT","https://github.com/thecodrr/fdir","on-disk",""
"fecha","4.2.3","MIT","https://taylorhakes@github.com/taylorhakes/fecha","on-disk",""
"file-uri-to-path","1.0.0","MIT","git://github.com/TooTallNate/file-uri-to-path","on-disk",""
"fn.name","1.1.0","MIT","https://github.com/3rd-Eden/fn.name","on-disk",""
"for-each","0.3.3","MIT","git://github.com/Raynos/for-each","on-disk",""
"form-data","4.0.5","MIT","git://github.com/form-data/form-data","on-disk",""
"form-data-encoder","1.7.2","MIT","octet-stream/form-data-encoder","on-disk",""
"formdata-node","4.4.1","MIT","octet-stream/form-data","on-disk",""
"from2","2.3.0","MIT","git://github.com/hughsk/from2","on-disk",""
"fs-constants","1.0.0","MIT","https://github.com/mafintosh/fs-constants","on-disk",""
"fs-extra","9.0.1","MIT","https://github.com/jprichardson/node-fs-extra","on-disk",""
"fs-minipass","3.0.3","ISC","https://github.com/npm/fs-minipass","on-disk",""
"function-bind","1.1.2","MIT","https://github.com/Raynos/function-bind","on-disk",""
"fuse.js","3.4.6","Apache-2.0","https://github.com/krisk/Fuse","bundled",""
"gaxios","6.7.1","Apache-2.0","googleapis/gaxios","on-disk",""
"gcp-metadata","6.1.0","Apache-2.0","googleapis/gcp-metadata","on-disk",""
"generate-function","1.1.0","MIT","https://github.com/mafintosh/generate-function","on-disk",""
"generate-object-property","1.2.0","MIT","https://github.com/mafintosh/generate-object-property","on-disk",""
"generator-function","2.0.1","MIT","https://github.com/TimothyGu/generator-function","on-disk",""
"get-caller-file","2.0.5","ISC","https://github.com/stefanpenner/get-caller-file","on-disk",""
"get-intrinsic","1.3.1","MIT","https://github.com/ljharb/get-intrinsic","on-disk",""
"get-proto","1.0.1","MIT","https://github.com/ljharb/get-proto","on-disk",""
"get-stream","2.3.1","MIT","sindresorhus/get-stream","on-disk+bundled",""
"github-from-package","0.0.0","MIT","git://github.com/substack/github-from-package","on-disk",""
"gl-transitions","1.43.0","MIT","https://github.com/gl-transitions/gl-transitions","bundled","Repo LICENSE is MIT; some transitions carry their own header license"
"glob","13.0.6","BlueOak-1.0.0","git@github.com:isaacs/node-glob","on-disk",""
"google-auth-library","9.15.0","Apache-2.0","googleapis/google-auth-library-nodejs","on-disk",""
"google-gax","4.4.1","Apache-2.0","https://github.com/googleapis/gax-nodejs","on-disk",""
"google-protobuf","3.21.4","(BSD-3-Clause AND Apache-2.0)","https://github.com/protocolbuffers/protobuf-javascript","on-disk",""
"gopd","1.2.0","MIT","https://github.com/ljharb/gopd","on-disk",""
"graceful-fs","4.2.8","ISC","https://github.com/isaacs/node-graceful-fs","on-disk",""
"gtoken","7.1.0","MIT","google/node-gtoken","on-disk",""
"has-binary2","1.0.2","MIT","","on-disk",""
"has-cors","1.1.0","MIT","git://github.com/component/has-cors","on-disk",""
"has-symbols","1.0.3","MIT","git://github.com/inspect-js/has-symbols","on-disk",""
"has-tostringtag","1.0.2","MIT","https://github.com/inspect-js/has-tostringtag","on-disk",""
"hasown","2.0.2","MIT","https://github.com/inspect-js/hasOwn","on-disk",""
"http-cache-semantics","4.2.0","BSD-2-Clause","https://github.com/kornelski/http-cache-semantics","on-disk",""
"http-parser-js","0.4.9","MIT","git://github.com/creationix/http-parser-js","bundled",""
"http-proxy-agent","7.0.2","MIT","https://github.com/TooTallNate/proxy-agents","on-disk",""
"https-proxy-agent","7.0.5","MIT","https://github.com/TooTallNate/proxy-agents","on-disk",""
"human-signals","2.1.0","Apache-2.0","ehmicky/human-signals","bundled",""
"humanize-ms","1.2.1","MIT","https://github.com/node-modules/humanize-ms","on-disk",""
"humps","2.0.1","MIT","git://github.com/domchristie/humps","bundled",""
"iconv-lite","0.7.2","MIT","https://github.com/pillarjs/iconv-lite","on-disk",""
"ieee754","1.2.1","BSD-3-Clause","git://github.com/feross/ieee754","on-disk",""
"immer","9.0.12","MIT","https://github.com/immerjs/immer","bundled",""
"indexof","0.0.1","MIT","","on-disk","README states MIT; no license field/file"
"inherits","2.0.4","ISC","git://github.com/isaacs/inherits","on-disk",""
"ini","1.3.7","ISC","git://github.com/isaacs/ini","on-disk",""
"into-stream","2.0.1","MIT","sindresorhus/into-stream","on-disk",""
"ip-address","10.1.0","MIT","git://github.com/beaugunderson/ip-address","on-disk",""
"is","3.3.0","MIT","git://github.com/enricomarino/is","on-disk",""
"is-arguments","1.1.1","MIT","git://github.com/inspect-js/is-arguments","on-disk",""
"is-arrayish","0.3.2","MIT","https://github.com/qix-/node-is-arrayish","on-disk",""
"is-buffer","1.1.6","MIT","git://github.com/feross/is-buffer","on-disk",""
"is-callable","1.2.7","MIT","git://github.com/inspect-js/is-callable","on-disk",""
"is-fullwidth-code-point","3.0.0","MIT","sindresorhus/is-fullwidth-code-point","on-disk",""
"is-generator-function","1.0.10","MIT","git://github.com/inspect-js/is-generator-function","on-disk",""
"is-property","1.0.2","MIT","git://github.com/mikolalysenko/is-property","on-disk",""
"is-stream","2.0.0","MIT","sindresorhus/is-stream","on-disk+bundled",""
"is-typed-array","1.1.12","MIT","git://github.com/inspect-js/is-typed-array","on-disk",""
"isarray","1.0.0","MIT","git://github.com/juliangruber/isarray","on-disk",""
"isexe","4.0.0","BlueOak-1.0.0","https://github.com/isaacs/isexe","on-disk+bundled",""
"jmespath","0.16.0","Apache-2.0","git://github.com/jmespath/jmespath.js","on-disk",""
"js-tokens","4.0.0","MIT","lydell/js-tokens","on-disk",""
"js-yaml","4.1.1","MIT","nodeca/js-yaml","on-disk",""
"json-bigint","1.0.0","MIT","git@github.com:sidorares/json-bigint","on-disk",""
"json-stringify-safe","5.0.1","ISC","git://github.com/isaacs/json-stringify-safe","on-disk",""
"jsonfile","6.0.1","MIT","git@github.com:jprichardson/node-jsonfile","on-disk",""
"jwa","2.0.1","MIT","git://github.com/brianloveswords/node-jwa","on-disk",""
"jws","4.0.1","MIT","git://github.com/brianloveswords/node-jws","on-disk",""
"kuler","2.0.0","MIT","https://github.com/3rd-Eden/kuler","on-disk",""
"lazy-val","1.0.5","MIT","develar/lazy-val","on-disk",""
"lazystream","1.0.0","MIT","https://github.com/jpommerening/node-lazystream","on-disk",""
"lodash","4.17.23","MIT","lodash/lodash","on-disk+bundled",""
"lodash-decorators","4.5.0","MIT","http://github.com/steelsojka/lodash-decorators","bundled",""
"lodash.camelcase","4.3.0","MIT","lodash/lodash","on-disk",""
"lodash.escaperegexp","4.1.2","MIT","lodash/lodash","on-disk",""
"lodash.isequal","4.5.0","MIT","lodash/lodash","on-disk",""
"logform","2.6.1","MIT","https://github.com/winstonjs/logform","on-disk",""
"long","5.2.3","Apache-2.0","https://github.com/dcodeIO/long.js","on-disk",""
"loose-envify","1.4.0","MIT","git://github.com/zertosh/loose-envify","on-disk",""
"lru-cache","6.0.0","ISC","git://github.com/isaacs/node-lru-cache","on-disk",""
"make-fetch-happen","15.0.5","ISC","https://github.com/npm/make-fetch-happen","on-disk",""
"mark.js","8.11.1","MIT","julmot/mark.js","bundled",""
"math-intrinsics","1.1.0","MIT","https://github.com/es-shims/math-intrinsics","on-disk",""
"md5","2.2.1","BSD-3-Clause","git://github.com/pvorb/node-md5","on-disk",""
"merge-stream","2.0.0","MIT","grncdr/merge-stream","bundled",""
"mime","2.4.3","MIT","https://github.com/broofa/node-mime","bundled",""
"mime-db","1.52.0","MIT","jshttp/mime-db","on-disk+bundled",""
"mime-types","2.1.35","MIT","jshttp/mime-types","on-disk+bundled",""
"mimic-fn","2.1.0","MIT","sindresorhus/mimic-fn","bundled",""
"mimic-function","5.0.1","MIT","sindresorhus/mimic-function","bundled",""
"mimic-response","3.1.0","MIT","sindresorhus/mimic-response","on-disk",""
"minimatch","10.2.5","BlueOak-1.0.0","git@github.com:isaacs/minimatch","on-disk+bundled",""
"minimist","1.2.6","MIT","git://github.com/substack/minimist","on-disk",""
"minipass","7.1.3","BlueOak-1.0.0","https://github.com/isaacs/minipass","on-disk",""
"minipass-collect","2.0.1","ISC","https://github.com/isaacs/minipass-collect","on-disk",""
"minipass-fetch","5.0.2","MIT","https://github.com/npm/minipass-fetch","on-disk",""
"minipass-flush","1.0.5","ISC","https://github.com/isaacs/minipass-flush","on-disk",""
"minipass-pipeline","1.2.4","ISC","","on-disk",""
"minipass-sized","2.0.0","ISC","https://github.com/isaacs/minipass-sized","on-disk",""
"minizlib","3.1.0","MIT","https://github.com/isaacs/minizlib","on-disk",""
"mkdirp","0.5.1","MIT","https://github.com/substack/node-mkdirp","on-disk",""
"mkdirp-classic","0.5.3","MIT","https://github.com/mafintosh/mkdirp-classic","on-disk",""
"module-alias","2.2.3","MIT","https://github.com/ilearnio/module-alias","on-disk",""
"moment","2.29.4","MIT","https://github.com/moment/moment","bundled",""
"ms","2.1.2","MIT","zeit/ms","on-disk",""
"nan","2.14.1","MIT","git://github.com/nodejs/nan","on-disk",""
"napi-build-utils","2.0.0","MIT","https://github.com/inspiredware/napi-build-utils","on-disk",""
"ndjson","1.5.0","BSD-3-Clause","git://github.com/maxogden/ndjson","on-disk",""
"neat-csv","2.1.0","MIT","sindresorhus/neat-csv","on-disk",""
"negotiator","1.0.0","MIT","jshttp/negotiator","on-disk",""
"node-abi","3.45.0","MIT","https://github.com/electron/node-abi","on-disk",""
"node-addon-api","1.7.2","MIT","git://github.com/nodejs/node-addon-api","on-disk",""
"node-domexception","1.0.0","MIT","https://github.com/jimmywarting/node-domexception","on-disk",""
"node-fetch","2.7.0","MIT","https://github.com/bitinn/node-fetch","on-disk",""
"node-gyp","12.2.0","MIT","git://github.com/nodejs/node-gyp","on-disk",""
"node-machine-id","1.1.12","MIT","git@github.com:automation-stack/node-machine-id","on-disk",""
"node-screenshots","0.2.2","Apache-2.0","","on-disk",""
"node-screenshots-win32-x64-msvc","0.2.2","Apache-2.0","","on-disk",""
"node-win32-np","1.0.6","MIT","","on-disk",""
"nopt","9.0.0","ISC","https://github.com/npm/nopt","on-disk",""
"normalize-path","2.1.1","MIT","jonschlinkert/normalize-path","on-disk",""
"npm-run-path","4.0.1","MIT","sindresorhus/npm-run-path","bundled",""
"object-assign","4.1.1","MIT","sindresorhus/object-assign","on-disk+bundled",""
"object-hash","3.0.0","MIT","https://github.com/puleos/object-hash","on-disk",""
"once","1.4.0","ISC","git://github.com/isaacs/once","on-disk",""
"one-time","1.0.0","MIT","https://github.com/3rd-Eden/one-time","on-disk",""
"onetime","5.1.2","MIT","sindresorhus/onetime","bundled",""
"openai","4.80.1","Apache-2.0","github:openai/openai-node","on-disk",""
"overlayscrollbars","1.13.0","MIT","https://github.com/KingSora/OverlayScrollbars","bundled",""
"overlayscrollbars-react","0.2.2","MIT","https://github.com/KingSora/OverlayScrollbars","on-disk+bundled",""
"overlayscrollbars-vue","0.2.2","MIT","https://github.com/KingSora/OverlayScrollbars","bundled",""
"p-map","7.0.4","MIT","sindresorhus/p-map","on-disk",""
"p-memoize","8.0.0","MIT","sindresorhus/p-memoize","bundled",""
"parseqs","0.0.6","MIT","https://github.com/get/querystring","on-disk",""
"parseuri","0.0.6","MIT","https://github.com/get/parseuri","on-disk",""
"path-browserify","1.0.1","MIT","git://github.com/browserify/path-browserify","on-disk",""
"path-is-inside","1.0.2","(WTFPL OR MIT)","domenic/path-is-inside","bundled",""
"path-key","3.1.1","MIT","sindresorhus/path-key","bundled",""
"path-scurry","2.0.2","BlueOak-1.0.0","https://github.com/isaacs/path-scurry","on-disk",""
"path-to-regexp","2.2.1","MIT","https://github.com/pillarjs/path-to-regexp","bundled",""
"pend","1.2.0","MIT","git://github.com/andrewrk/node-pend","on-disk",""
"picomatch","4.0.4","MIT","micromatch/picomatch","on-disk",""
"pify","2.3.0","MIT","sindresorhus/pify","on-disk",""
"pinkie","2.0.4","MIT","floatdrop/pinkie","on-disk",""
"pinkie-promise","2.0.1","MIT","floatdrop/pinkie-promise","on-disk",""
"popper.js","1.16.1","MIT","https://github.com/FezVrasta/popper.js","bundled",""
"prebuild-install","7.1.2","MIT","https://github.com/prebuild/prebuild-install","on-disk",""
"pretty-bytes","5.6.0","MIT","sindresorhus/pretty-bytes","bundled",""
"proc-log","6.1.0","ISC","https://github.com/npm/proc-log","on-disk",""
"process-nextick-args","2.0.1","MIT","https://github.com/calvinmetcalf/process-nextick-args","on-disk",""
"prop-types","15.7.2","MIT","facebook/prop-types","on-disk+bundled",""
"proto3-json-serializer","2.0.2","Apache-2.0","googleapis/proto3-json-serializer-nodejs","on-disk",""
"protobufjs","7.4.0","BSD-3-Clause","protobufjs/protobuf.js","on-disk",""
"pump","3.0.0","MIT","git://github.com/mafintosh/pump","on-disk",""
"punycode","1.3.2","MIT","https://github.com/bestiejs/punycode.js","on-disk",""
"querystring","0.2.0","MIT","git://github.com/Gozala/querystring","on-disk",""
"range-parser","1.2.0","MIT","jshttp/range-parser","bundled",""
"raven","2.6.4","BSD-2-Clause","git://github.com/getsentry/raven-js","on-disk",""
"rc","1.2.8","(BSD-2-Clause OR MIT OR Apache-2.0)","https://github.com/dominictarr/rc","on-disk",""
"rc-animate","3.1.1","MIT","git@github.com:react-component/animate","bundled",""
"rc-util","5.13.2","MIT","git@github.com:react-component/util","bundled",""
"react","17.0.2","MIT","https://github.com/facebook/react","bundled",""
"react-colorful","5.5.0","MIT","omgovich/react-colorful","on-disk+bundled",""
"react-devtools-electron","4.7.0","MIT","https://dimitarnestorov@github.com/dimitarnestorov/react-devtools-electron","on-disk",""
"react-dom","17.0.2","MIT","https://github.com/facebook/react","bundled",""
"react-draggable","4.4.6","MIT","https://github.com/react-grid-layout/react-draggable","bundled",""
"react-is","16.13.1","MIT","https://github.com/facebook/react","on-disk",""
"react-resizable","3.0.1","MIT","git@github.com:react-grid-layout/react-resizable","bundled",""
"react-sortablejs","6.0.0","MIT","","bundled",""
"react-transition-group","4.4.1","BSD-3-Clause","https://github.com/reactjs/react-transition-group","on-disk",""
"readable-stream","2.3.7","MIT","git://github.com/nodejs/readable-stream","on-disk",""
"realm","12.7.1","apache-2.0","https://github.com/realm/realm-js","on-disk",""
"remove-trailing-separator","1.1.0","ISC","https://github.com/darsain/remove-trailing-separator","on-disk",""
"require-directory","2.1.1","MIT","git://github.com/troygoode/node-require-directory","on-disk",""
"resize-observer-polyfill","1.5.1","MIT","https://github.com/que-etc/resize-observer-polyfill","bundled",""
"retry-request","7.0.2","MIT","stephenplusplus/retry-request","on-disk",""
"rimraf","2.7.1","ISC","git://github.com/isaacs/rimraf","on-disk",""
"rxjs","6.3.3","Apache-2.0","https://github.com/reactivex/rxjs","bundled",""
"safe-buffer","5.1.2","MIT","git://github.com/feross/safe-buffer","on-disk",""
"safe-stable-stringify","2.5.0","MIT","https://github.com/BridgeAR/safe-stable-stringify","on-disk",""
"safer-buffer","2.1.2","MIT","https://github.com/ChALkeR/safer-buffer","on-disk",""
"sax","1.2.4","ISC","git://github.com/isaacs/sax-js","on-disk",""
"scheduler","0.20.2","MIT","https://github.com/facebook/react","bundled",""
"sec","1.0.0","MIT","sindresorhus/sec","on-disk",""
"semver","7.5.4","ISC","https://github.com/npm/node-semver","on-disk",""
"serve-handler","5.0.7","MIT","zeit/serve-handler","bundled",""
"sharp","0.33.5","Apache-2.0","git://github.com/lovell/sharp","on-disk",""
"shebang-command","2.0.0","MIT","kevva/shebang-command","bundled",""
"shebang-regex","3.0.0","MIT","sindresorhus/shebang-regex","bundled",""
"signal-exit","3.0.3","ISC","https://github.com/tapjs/signal-exit","bundled",""
"simple-concat","1.0.1","MIT","git://github.com/feross/simple-concat","on-disk",""
"simple-get","4.0.1","MIT","git://github.com/feross/simple-get","on-disk",""
"simple-swizzle","0.2.2","MIT","qix-/node-simple-swizzle","on-disk",""
"slap","0.1.83","MIT","","bundled",""
"smart-buffer","4.2.0","MIT","https://github.com/JoshGlazebrook/smart-buffer","on-disk",""
"socket.io-client","2.3.1","MIT","https://github.com/Automattic/socket.io-client","on-disk",""
"socket.io-parser","3.3.4","MIT","https://github.com/Automattic/socket.io-parser","on-disk",""
"sockjs","0.3.20","MIT","https://github.com/sockjs/sockjs-node","bundled",""
"socks","2.8.7","MIT","https://github.com/JoshGlazebrook/socks","on-disk",""
"socks-proxy-agent","8.0.5","MIT","https://github.com/TooTallNate/proxy-agents","on-disk",""
"sortablejs","1.13.0","MIT","git://github.com/SortableJS/Sortable","bundled",""
"split2","2.2.0","ISC","https://github.com/mcollina/split2","on-disk",""
"ssri","13.0.1","ISC","https://github.com/npm/ssri","on-disk",""
"stack-trace","0.0.10","MIT","git://github.com/felixge/node-stack-trace","on-disk",""
"stream-events","1.0.5","MIT","https://github.com/stephenplusplus/stream-events","on-disk",""
"stream-shift","1.0.3","MIT","https://github.com/mafintosh/stream-shift","on-disk",""
"streamlabs-beaker","0.9.4","UNLICENSED (first-party)","","bundled","First-party Streamlabs package (maintained @streamlabs.com); no OSS license declared — confirm internally"
"string_decoder","1.1.1","MIT","git://github.com/nodejs/string_decoder","on-disk",""
"string-width","4.2.3","MIT","sindresorhus/string-width","on-disk",""
"strip-ansi","6.0.1","MIT","chalk/strip-ansi","on-disk",""
"strip-final-newline","2.0.0","MIT","sindresorhus/strip-final-newline","bundled",""
"strip-json-comments","2.0.1","MIT","sindresorhus/strip-json-comments","on-disk",""
"stubs","3.0.0","MIT","https://github.com/stephenplusplus/stubs","on-disk",""
"style-loader","2.0.0","MIT","webpack-contrib/style-loader","bundled",""
"tar","7.5.13","BlueOak-1.0.0","https://github.com/isaacs/node-tar","on-disk",""
"tar-fs","2.1.4","MIT","https://github.com/mafintosh/tar-fs","on-disk",""
"tar-stream","2.2.0","MIT","https://github.com/mafintosh/tar-stream","on-disk",""
"tasklist","3.1.1","MIT","sindresorhus/tasklist","on-disk",""
"teeny-request","9.0.0","Apache-2.0","googleapis/teeny-request","on-disk",""
"text-hex","1.0.0","MIT","https://github.com/3rd-Eden/text-hex","on-disk",""
"through2","2.0.5","MIT","https://github.com/rvagg/through2","on-disk",""
"timed-out","4.0.1","MIT","floatdrop/timed-out","on-disk",""
"tiny-invariant","1.1.0","MIT","https://github.com/alexreardon/tiny-invariant","bundled",""
"tinyglobby","0.2.15","MIT","https://github.com/SuperchupuDev/tinyglobby","on-disk",""
"to-array","0.1.4","MIT","git://github.com/Raynos/to-array","on-disk",""
"tr46","0.0.3","MIT","https://github.com/Sebmaster/tr46.js","on-disk",""
"traverse","0.6.6","MIT","git://github.com/substack/js-traverse","bundled",""
"tree-kill","1.2.2","MIT","git://github.com/pkrumins/node-tree-kill","bundled",""
"triple-beam","1.4.1","MIT","https://github.com/winstonjs/triple-beam","on-disk",""
"tslib","1.11.1","Apache-2.0","https://github.com/Microsoft/tslib","bundled",""
"tunnel-agent","0.6.0","Apache-2.0","https://github.com/mikeal/tunnel-agent","on-disk",""
"typedarray","0.0.6","MIT","git://github.com/substack/typedarray","on-disk",""
"universalify","1.0.0","MIT","https://github.com/RyanZim/universalify","on-disk",""
"urijs","1.19.11","MIT","https://github.com/medialize/URI.js","bundled",""
"url","0.10.3","MIT","https://github.com/defunctzombie/node-url","on-disk",""
"use-sync-external-store","1.2.0","MIT","https://github.com/facebook/react","bundled",""
"util","0.12.5","MIT","git://github.com/browserify/node-util","on-disk",""
"util-deprecate","1.0.2","MIT","git://github.com/TooTallNate/util-deprecate","on-disk",""
"uuid","3.4.0","MIT","https://github.com/uuidjs/uuid","on-disk+bundled",""
"v-tooltip","2.1.3","MIT","https://github.com/Akryum/vue-tooltip","bundled",""
"vee-validate","2.2.0","MIT","https://github.com/baianat/vee-validate","bundled",""
"vue","2.6.9","MIT","https://github.com/vuejs/vue","bundled",""
"vue-class-component","6.2.0","MIT","https://github.com/vuejs/vue-class-component","bundled",""
"vue-color","2.7.0","MIT","https://github.com/xiaokaike/vue-color","bundled",""
"vue-i18n","7.6.0","MIT","https://github.com/kazupon/vue-i18n","bundled",""
"vue-js-modal","1.3.28","MIT","https://github.com/euvl/vue-js-modal","bundled",""
"vue-loader","15.10.2","MIT","https://github.com/vuejs/vue-loader","bundled",""
"vue-multiselect","2.1.6","MIT","https://github.com/shentao/vue-multiselect","bundled",""
"vue-property-decorator","7.3.0","MIT","https://github.com/kaorun343/vue-property-decorator","bundled",""
"vue-resize","0.4.4","MIT","https://github.com/Akryum/vue-resize","bundled",""
"vue-style-loader","4.1.3","MIT","git@github.com:vuejs/vue-style-loader","bundled",""
"vue-toasted","1.1.24","MIT","https://github.com/shakee93/vue-toasted","bundled","LICENSE file is MIT; no package.json field"
"vue-tsx-support","2.3.3","MIT","https://github.com/wonderful-panda/vue-tsx-support","bundled",""
"vuedraggable","2.24.3","MIT","https://github.com/SortableJS/Vue.Draggable","bundled",""
"vuejs-datepicker","1.6.2","MIT","https://github.com/charliekassel/vuejs-datepicker","on-disk+bundled",""
"vuex","3.0.1","MIT","https://github.com/vuejs/vuex","bundled",""
"web-streams-polyfill","4.0.0-beta.3","MIT","https://github.com/MattiasBuelens/web-streams-polyfill","on-disk",""
"webidl-conversions","3.0.1","BSD-2-Clause","jsdom/webidl-conversions","on-disk",""
"websocket-driver","0.7.0","MIT","git://github.com/faye/websocket-driver-node","bundled",""
"websocket-extensions","0.1.4","Apache-2.0","git://github.com/faye/websocket-extensions-node","bundled",""
"whatwg-url","5.0.0","MIT","jsdom/whatwg-url","on-disk",""
"which","6.0.1","ISC","https://github.com/npm/node-which","on-disk+bundled",""
"which-typed-array","1.1.11","MIT","git://github.com/inspect-js/which-typed-array","on-disk",""
"winston","3.16.0","MIT","https://github.com/winstonjs/winston","on-disk",""
"winston-transport","4.8.0","MIT","git@github.com:winstonjs/winston-transport","on-disk",""
"wrap-ansi","7.0.0","MIT","chalk/wrap-ansi","on-disk",""
"wrappy","1.0.2","ISC","https://github.com/npm/wrappy","on-disk",""
"ws","6.2.2","MIT","websockets/ws","on-disk",""
"xml2js","0.5.0","MIT","https://github.com/Leonidas-from-XIV/node-xml2js","on-disk",""
"xmlbuilder","11.0.1","MIT","git://github.com/oozcitak/xmlbuilder-js","on-disk",""
"xmlhttprequest-ssl","1.6.2","MIT","git://github.com/mjwwit/node-XMLHttpRequest","on-disk",""
"xtend","4.0.1","MIT","git://github.com/Raynos/xtend","on-disk",""
"y18n","5.0.8","ISC","yargs/y18n","on-disk",""
"yallist","5.0.0","BlueOak-1.0.0","https://github.com/isaacs/yallist","on-disk",""
"yargs","17.7.2","MIT","https://github.com/yargs/yargs","on-disk",""
"yargs-parser","21.1.1","ISC","https://github.com/yargs/yargs-parser","on-disk",""
"yauzl","2.4.1","MIT","https://github.com/thejoshwolfe/yauzl","on-disk",""
"yeast","0.1.2","MIT","https://github.com/unshiftio/yeast","on-disk",""
"zip-stream","1.2.0","MIT","https://github.com/archiverjs/node-zip-stream","on-disk",""
"zustand","4.4.1","MIT","https://github.com/pmndrs/zustand","bundled",""